<?xml version="1.0" encoding="utf-8"?>
<!DOCTYPE hibernate-mapping PUBLIC "-//Hibernate/Hibernate Mapping DTD 3.0//EN"
"http://hibernate.sourceforge.net/hibernate-mapping-3.0.dtd">
<hibernate-mapping>
	<class name="org.tedu.entity.Emp"
		table="t_emp">
		<id name="no" column="no" type="integer">
			<generator class="identity">
			</generator>
		</id>
		<property name="name" column="name"
			type="string">
		</property>
		<property name="sal" column="sal"
			type="double">
		</property>
	</class>
</hibernate-mapping>