<?xml version="1.0" encoding="UTF-8" ?>
<!DOCTYPE struts PUBLIC
    "-//Apache Software Foundation//DTD Struts Configuration 2.1.7//EN"
    "http://struts.apache.org/dtds/struts-2.1.7.dtd">

<struts>
	<package name="demo2" namespace="/user"
		extends="struts-default">
		<!-- 请求tologin会自动调用框架底层
		默认的Action的execute方法处理,返回"success" -->
		<action name="tologin">
			<!-- name属性默认为success;
			  type属性默认为dispatcher -->
			<result>
			/WEB-INF/login.jsp
			</result>
		</action>
		<!-- login.action请求调用
		  LoginAction的execute方法 -->
		<action name="login" 
			class="org.tedu.action.LoginAction">
			<result name="success">
				/WEB-INF/ok.jsp
			</result>
			<result name="error">
				/WEB-INF/login.jsp
			</result>
		</action>
		
	</package>

	<!-- name唯一性标识;
	extends继承框架里的struts-default包 -->
	<package name="demo1" 
		extends="struts-default">
		<!-- name请求名;class指定Action组件;
			method指定Action方法名,默认execute -->
		<action name="hello" 
			class="org.tedu.action.HelloAction" 
			method="execute">
			<!-- 根据HelloAction.execute返回
			的String找result定义 -->
			<result name="success" type="dispatcher">
				/WEB-INF/hello.jsp
			</result>
		</action>
	</package>
</struts>