<?xml version="1.0" encoding="UTF-8" ?>
<!DOCTYPE struts PUBLIC
    "-//Apache Software Foundation//DTD Struts Configuration 2.1.7//EN"
    "http://struts.apache.org/dtds/struts-2.1.7.dtd">

<struts>
	<package name="ssh" extends="struts-default"
		namespace="/emp">
		<!-- 利用struts2-spring-plugin.jar访问
		Spring容器,使用class值获取Action对象 -->
		<action name="list" class="empListAction">
			<result name="success" type="dispatcher">
			/WEB-INF/emp_list.jsp
			</result>
		</action>
		<!-- 进入更新页面 -->
		<action name="toupdate" method="show"
			class="empUpdateAction">
			<result>
			/WEB-INF/emp_modify.jsp
			</result>
		</action>
		<!-- 提交按钮处理 -->
		<action name="update" method="update"
			class="empUpdateAction">
			<result name="success" 
				type="redirectAction">
				<param name="namespace">/emp</param>
				<param name="actionName">list</param>
			</result>
		</action>
		
	</package>
</struts>


