﻿<?xml version="1.0" encoding="UTF-8"?>
<beans xmlns="http://www.springframework.org/schema/beans"
	xmlns:xsi="http://www.w3.org/2001/XMLSchema-instance" xmlns:context="http://www.springframework.org/schema/context"
	xmlns:util="http://www.springframework.org/schema/util" xmlns:jee="http://www.springframework.org/schema/jee"
	xmlns:tx="http://www.springframework.org/schema/tx" xmlns:jpa="http://www.springframework.org/schema/data/jpa"
	xmlns:mvc="http://www.springframework.org/schema/mvc"
	xsi:schemaLocation="
		http://www.springframework.org/schema/beans http://www.springframework.org/schema/beans/spring-beans-3.2.xsd
		http://www.springframework.org/schema/context http://www.springframework.org/schema/context/spring-context-3.2.xsd
		http://www.springframework.org/schema/util http://www.springframework.org/schema/util/spring-util-3.2.xsd
		http://www.springframework.org/schema/jee http://www.springframework.org/schema/jee/spring-jee-3.2.xsd
		http://www.springframework.org/schema/tx http://www.springframework.org/schema/tx/spring-tx-3.2.xsd
		http://www.springframework.org/schema/data/jpa http://www.springframework.org/schema/data/jpa/spring-jpa-1.3.xsd
		http://www.springframework.org/schema/mvc http://www.springframework.org/schema/mvc/spring-mvc-3.2.xsd">

	
	<bean id="dbcp" class="org.apache.commons.dbcp.BasicDataSource">
		<property name="driverClassName" value="#{jdbc.driverclass}"></property>
		<property name="url" value="#{jdbc.url}"></property>
		<property name="username" value="#{jdbc.user}"></property>
		<property name="password" value="#{jdbc.password}"></property>
		<property name="maxActive" value="#{jdbc.max}"></property>
		<property name="initialSize" value="#{jdbc.min}"></property>
	</bean>
	<mvc:annotation-driven/>
	<!-- 读取db.properties文件的内容 -->
	<util:properties id="jdbc" location="classpath:config/db.properties"></util:properties>


	<!-- 定义sqlSessionFactoryBean -->
	<bean id="ssf" class="org.mybatis.spring.SqlSessionFactoryBean">
		<!-- 注入连接信息 -->
		<property name="dataSource" value="#{dbcp}">
		</property>
		<!-- 注入Sql定义文件信息 -->
		<property name="mapperLocations" value="classpath:config/sql/*.xml"></property>
	</bean>

	<bean class="org.mybatis.spring.mapper.MapperScannerConfigurer">
		<property name="basePackage" value="cn.lai.netstoss.dao"></property>
		<property name="sqlSessionFactory" value="#{ssf}"></property>
	</bean>
	
	
	<!-- 配置HandleMapping负责指定请求路径与处理器（controller） -->

	<context:component-scan base-package="cn.lai.netstoss"></context:component-scan>
	<!-- 配置mvc注解扫描 -->
	
	<!-- 配置视图解析器 负责将视图名解析成真正的视图对象（比如jsp） -->
	<bean
		class="org.springframework.web.servlet.view.InternalResourceViewResolver">
		<property name="prefix" value="/WEB-INF/"></property>
		<property name="suffix" value=".jsp"></property>
	</bean>
</beans>