<?xml version="1.0" encoding="UTF-8" ?>  
<!DOCTYPE mapper PUBLIC "-//ibatis.apache.org//DTD Mapper 3.0//EN"      
 "http://ibatis.apache.org/dtd/ibatis-3-mapper.dtd">
<mapper namespace="org.tedu.cloudnote.dao.ShareDao">

<update id="updateShare" 
parameterType="org.tedu.cloudnote.entity.Share">
update cn_share
set cn_share_title=#{cn_share_title},
	cn_share_body=#{cn_share_body}
where cn_note_id=#{cn_note_id}
</update>

<select id="findById" parameterType="string"
resultType="org.tedu.cloudnote.entity.Share">
select * from cn_share
where cn_share_id=#{id}
</select>

<select id="findLikeTitle" parameterType="string"
resultType="org.tedu.cloudnote.entity.Share">
select cn_share_id,cn_share_title
from cn_share
where cn_share_title like #{title}
</select>

<select id="findByNoteId" parameterType="string"
resultType="org.tedu.cloudnote.entity.Share">
select * from cn_share
where cn_note_id=#{noteId}
</select>

<insert id="save" 
parameterType="org.tedu.cloudnote.entity.Share">
insert into cn_share
	(cn_share_id,cn_share_title,
	cn_share_body,cn_note_id)
values (#{cn_share_id},#{cn_share_title},
	#{cn_share_body},#{cn_note_id})
</insert>

</mapper>