<?xml version="1.0" encoding="UTF-8"?>
<beans xmlns="http://www.springframework.org/schema/beans"
    xmlns:xsi="http://www.w3.org/2001/XMLSchema-instance"
    xmlns:context="http://www.springframework.org/schema/context"
    xmlns:jdbc="http://www.springframework.org/schema/jdbc"
    xmlns:jee="http://www.springframework.org/schema/jee"
    xmlns:tx="http://www.springframework.org/schema/tx"
    xmlns:aop="http://www.springframework.org/schema/aop"
    xmlns:mvc="http://www.springframework.org/schema/mvc"
    xmlns:util="http://www.springframework.org/schema/util"
    xmlns:jpa="http://www.springframework.org/schema/data/jpa"
    xsi:schemaLocation="
        http://www.springframework.org/schema/beans http://www.springframework.org/schema/beans/spring-beans-3.2.xsd
        http://www.springframework.org/schema/context http://www.springframework.org/schema/context/spring-context-3.2.xsd
        http://www.springframework.org/schema/jdbc http://www.springframework.org/schema/jdbc/spring-jdbc-3.2.xsd
        http://www.springframework.org/schema/jee http://www.springframework.org/schema/jee/spring-jee-3.2.xsd
        http://www.springframework.org/schema/tx http://www.springframework.org/schema/tx/spring-tx-3.2.xsd
        http://www.springframework.org/schema/data/jpa http://www.springframework.org/schema/data/jpa/spring-jpa-1.3.xsd
        http://www.springframework.org/schema/aop http://www.springframework.org/schema/aop/spring-aop-3.2.xsd
        http://www.springframework.org/schema/mvc http://www.springframework.org/schema/mvc/spring-mvc-3.2.xsd
        http://www.springframework.org/schema/util http://www.springframework.org/schema/util/spring-util-3.2.xsd">
<!-- DataSource -->
<bean id="dataSource" class="org.apache.commons.dbcp.BasicDataSource">
    <!-- 名字 密码 url driver -->
    <property name="username" value="??"></property>
    <property name="password" value="??"></property>
    <property name="url" value="jdbc:mysql://localhost:??/cloud_??note?useUnicode=true&amp;characterEncoding=utf8"></property>
    <property name="driverClassName" value="com.mysql.jdbc.Driver"></property>
</bean>
<!-- sqlSessionFactoryBean -->
<bean id="ssf" class="org.mybatis.spring.SqlSessionFactoryBean">
    <!-- 指定dataSource -->
    <property name="dataSource" ref="dataSource"></property>
    <!-- 指定sql定义文件 -->
    <property name="configLocation" value="classpath:conf/mapper/*.xml"></property>
</bean>
<!-- mapper 对应的dao包 -->
<bean class="org.mybatis.spring.mapper.MapperScannerConfigurer">
    <property name="basePackage" value="com.spring.ssm.dao"></property>
</bean>
</beans>


